[
 {
  "id": "C-01-032",
  "questions": [
   {
    "idChild": "C-01-032",
    "title": "32. What are the speakers mainly discussing?",
    "A": "A training seminar",
    "B": "The installation of a television",
    "C": "The date of a presentation",
    "D": "A software upgrade",
    "correct": "B"
   },
   {
    "idChild": "C-01-033",
    "title": "33. What is the problem?",
    "A": "The necessary tools are unavailable.",
    "B": "The office is closed.",
    "C": "The wall is too weak.",
    "D": "The phone number was wrong.",
    "correct": "A"
   },
   {
    "idChild": "C-01-034",
    "title": "34. What most likely will the man do first tomorrow?",
    "A": "Order a replacement part",
    "B": "Consult an instruction manual",
    "C": "Contact the woman",
    "D": "Fill out a work order",
    "correct": "C"
   }
  ]
 },
 {
  "id": "C-01-035",
  "questions": [
   {
    "idChild": "C-01-035",
    "title": "35. What position is the man applying for?",
    "A": "Lecturer",
    "B": "Editor",
    "C": "Journalist",
    "D": "Superintendent",
    "correct": "A"
   },
   {
    "idChild": "C-01-036",
    "title": "36. What makes the man qualified for the position?",
    "A": "His academic background",
    "B": "His previous work experience",
    "C": "His public popularity",
    "D": "His eloquence",
    "correct": "B"
   },
   {
    "idChild": "C-01-037",
    "title": "37. What extra benefit does the woman mention?",
    "A": "Health insurance",
    "B": "Flexible hours",
    "C": "A lot of free time",
    "D": "Regular incentives",
    "correct": "C"
   }
  ]
 },
 {
  "id": "C-01-038",
  "questions": [
   {
    "idChild": "C-01-038",
    "title": "38. What are the speakers mainly discussing?",
    "A": "An interior renovation",
    "B": "A product launch",
    "C": "A luncheon reservation",
    "D": "A budget proposal",
    "correct": "A"
   },
   {
    "idChild": "C-01-039",
    "title": "39. What does the man say about the dining room?",
    "A": "It needs more lighting.",
    "B": "It is quite cold.",
    "C": "It is spacious.",
    "D": "It is too loud.",
    "correct": "C"
   },
   {
    "idChild": "C-01-040",
    "title": "40. What does the man suggest the woman do?",
    "A": "Repaint the walls a brighter color",
    "B": "Compensate guests who have reservations",
    "C": "Draft a budget proposal",
    "D": "Open a bank account",
    "correct": "B"
   }
  ]
 },
 {
  "id": "C-01-041",
  "questions": [
   {
    "idChild": "C-01-041",
    "title": "41. What is the man concerned about?",
    "A": "Getting his camera fixed",
    "B": "Receiving sick leave from work",
    "C": "Preparing for a party",
    "D": "Introducing a client",
    "correct": "C"
   },
   {
    "idChild": "C-01-042",
    "title": "42. According to the man, why does Greg like his new job?",
    "A": "It offers better vacation time.",
    "B": "It pays a higher salary.",
    "C": "It matches his abilities.",
    "D": "It provides health benefits.",
    "correct": "C"
   },
   {
    "idChild": "C-01-043",
    "title": "43. What most likely will the woman do next?",
    "A": "Take a group photo",
    "B": "Attend a Christmas party",
    "C": "Contact Greg",
    "D": "Send an e-mail attachment",
    "correct": "D"
   }
  ]
 },
 {
  "id": "C-01-044",
  "questions": [
   {
    "idChild": "C-01-044",
    "title": "44. What is the man concerned about?",
    "A": "Finishing a project on time",
    "B": "Paying for his new mobile phone",
    "C": "Repairing a piece of equipment",
    "D": "Learning a new skill",
    "correct": "D"
   },
   {
    "idChild": "C-01-045",
    "title": "45. Where do the speakers work?",
    "A": "At a repair shop",
    "B": "At an electronics store",
    "C": "At a marketing firm",
    "D": "At a design company",
    "correct": "D"
   },
   {
    "idChild": "C-01-046",
    "title": "46. What does the woman offer to do?",
    "A": "Provide assistance",
    "B": "Pay in cash",
    "C": "Fill in for the man",
    "D": "E-mail a user manual",
    "correct": "A"
   }
  ]
 },
 {
  "id": "C-01-047",
  "questions": [
   {
    "idChild": "C-01-047",
    "title": "47. Who most likely is the man?",
    "A": "A shop owner",
    "B": "A construction worker",
    "C": "A local resident",
    "D": "A market researcher",
    "correct": "D"
   },
   {
    "idChild": "C-01-048",
    "title": "48. What does the woman mention about the mall?",
    "A": "It was recently renovated.",
    "B": "It has sufficient parking space.",
    "C": "It is attracting many tourists.",
    "D": "It is located outside of town.",
    "correct": "B"
   },
   {
    "idChild": "C-01-049",
    "title": "49. Why does the woman usually visit the mall?",
    "A": "To purchase groceries",
    "B": "To meet with her clients",
    "C": "To buy clothing",
    "D": "To deliver products",
    "correct": "C"
   }
  ]
 },
 {
  "id": "C-01-050",
  "questions": [
   {
    "idChild": "C-01-050",
    "title": "50. What are the speakers discussing?",
    "A": "Orders for office supplies",
    "B": "Equipment for a conference",
    "C": "The budget reports",
    "D": "Their colleague",
    "correct": "A"
   },
   {
    "idChild": "C-01-051",
    "title": "51. Why does the man mention when the supply company closes?",
    "A": "To inform her of the business hours",
    "B": "To let her know she can't order anything",
    "C": "To explain that the second order would be late",
    "D": "To imply that new equipment can't be ordered",
    "correct": "C"
   },
   {
    "idChild": "C-01-052",
    "title": "52. What does the woman offer to do?",
    "A": "Pay for the new order",
    "B": "Order the supplies herself",
    "C": "Cancel a meeting",
    "D": "Speak to their colleague",
    "correct": "D"
   }
  ]
 },
 {
  "id": "C-01-053",
  "questions": [
   {
    "idChild": "C-01-053",
    "title": "53. What is the problem?",
    "A": "The plane tickets were not booked.",
    "B": "A meeting had to be rescheduled.",
    "C": "The meeting was a success.",
    "D": "A deadline has been changed.",
    "correct": "B"
   },
   {
    "idChild": "C-01-054",
    "title": "54. Which part of the business trip will be postponed?",
    "A": "The meeting in New York",
    "B": "The meeting in Wisconsin",
    "C": "The meeting in Washington",
    "D": "The meeting in Westboro",
    "correct": "C"
   },
   {
    "idChild": "C-01-055",
    "title": "55. What does the man mean when he says \"That's not a bad idea\"?",
    "A": "He thinks it is a bad idea.",
    "B": "He agrees with the proposed solution.",
    "C": "He wants to hear other ideas.",
    "D": "He disagrees with the solution.",
    "correct": "B"
   }
  ]
 },
 {
  "id": "C-01-056",
  "questions": [
   {
    "idChild": "C-01-056",
    "title": "56. What was the woman doing in Australia?",
    "A": "Going on a business trip",
    "B": "Studying abroad",
    "C": "Taking a vacation",
    "D": "Searching for employees",
    "correct": "C"
   },
   {
    "idChild": "C-01-057",
    "title": "57. What does the woman imply when she says \"Is this Robert Wilder's application?\"",
    "A": "She is surprised to see the application.",
    "B": "She will reject the application.",
    "C": "She doesn't understand something.",
    "D": "She agrees with the application.",
    "correct": "A"
   },
   {
    "idChild": "C-01-058",
    "title": "58. How does the woman know Robert Wilder?",
    "A": "They went to college together.",
    "B": "They work in the same department.",
    "C": "They play baseball together.",
    "D": "They play tennis together.",
    "correct": "D"
   }
  ]
 },
 {
  "id": "C-01-059",
  "questions": [
   {
    "idChild": "C-01-059",
    "title": "59. What is the woman concerned about?",
    "A": "Getting extra vacation",
    "B": "Doing too much work",
    "C": "Not having time for her children",
    "D": "Preparing a report",
    "correct": "C"
   },
   {
    "idChild": "C-01-060",
    "title": "60. What does the man suggest?",
    "A": "Fire the manager",
    "B": "Wait until their vacation",
    "C": "Hire a babysitter",
    "D": "Have some extra vacation days",
    "correct": "D"
   },
   {
    "idChild": "C-01-061",
    "title": "61. What does the woman say she will have to do?",
    "A": "Hire a babysitter",
    "B": "Go to another company",
    "C": "Ask her husband",
    "D": "Finish her sales reports",
    "correct": "A"
   }
  ]
 },
 {
  "id": "C-01-062",
  "questions": [
   {
    "idChild": "C-01-062",
    "title": "62. What does the woman have on Friday?",
    "A": "A dinner meeting",
    "B": "A seminar",
    "C": "A meeting",
    "D": "A work party",
    "correct": "C"
   },
   {
    "idChild": "C-01-063",
    "title": "63. Look at the graphic. How much does the woman pay for the furniture?",
    "A": "$165",
    "B": "$195",
    "C": "$307",
    "D": "$614",
    "correct": "D"
   },
   {
    "idChild": "C-01-064",
    "title": "64. What does the man say he will do?",
    "A": "Arrange free delivery",
    "B": "Deliver the furniture in the evening",
    "C": "Send a confirmation",
    "D": "Deliver the table himself",
    "correct": "A"
   }
  ]
 },
 {
  "id": "C-01-065",
  "questions": [
   {
    "idChild": "C-01-065",
    "title": "65. Why does the woman call?",
    "A": "To get an upgrade",
    "B": "To book a flight to Korea and Japan",
    "C": "To cancel her flight to Singapore",
    "D": "To sign up for a mileage card",
    "correct": "A"
   },
   {
    "idChild": "C-01-066",
    "title": "66. Look at the graphic. How many points will the woman use?",
    "A": "50,000",
    "B": "60,000",
    "C": "70,000",
    "D": "80,000",
    "correct": "B"
   },
   {
    "idChild": "C-01-067",
    "title": "67. What suggestion does the man give the woman?",
    "A": "Upgrade her Korean flight",
    "B": "Make the request after her trip",
    "C": "Book a different flight",
    "D": "Cancel her reservation",
    "correct": "B"
   }
  ]
 },
 {
  "id": "C-01-068",
  "questions": [
   {
    "idChild": "C-01-068",
    "title": "68. What are the speakers discussing?",
    "A": "Their GPS systems",
    "B": "Which coffee shop to visit",
    "C": "How far Cambridge is from their apartments",
    "D": "The fastest route to work",
    "correct": "D"
   },
   {
    "idChild": "C-01-069",
    "title": "69. What does the woman want to do?",
    "A": "Keep losing the game",
    "B": "Make more money than he does",
    "C": "Get to work faster than he does",
    "D": "Participate in a car race",
    "correct": "C"
   },
   {
    "idChild": "C-01-070",
    "title": "70. Look at the list. Which shop does the man most likely stop at?",
    "A": "Coffee Bean",
    "B": "Tea Shop",
    "C": "Java the Cup",
    "D": "Jake's Diner",
    "correct": "C"
   }
  ]
 }
]