ID,child,childID,webview,title,A,B,C,D,correct
C-01-032,3,,,,,,,,
,,C-01-032,,32. What are the speakers mainly discussing? ,A training seminar ,The installation of a television ,The date of a presentation ,A software upgrade ,B
,,C-01-033,,33. What is the problem? ,The necessary tools are unavailable. ,The office is closed. ,The wall is too weak. ,The phone number was wrong. ,A
,,C-01-034,,34. What most likely will the man do first tomorrow? ,Order a replacement part ,Consult an instruction manual ,Contact the woman ,Fill out a work order ,C
C-01-035,3,,,,,,,,
,,C-01-035,,35. What position is the man applying for? ,Lecturer ,Editor ,Journalist ,Superintendent ,A
,,C-01-036,,36. What makes the man qualified for the position? ,His academic background ,His previous work experience ,His public popularity ,His eloquence ,B
,,C-01-037,,37. What extra benefit does the woman mention? ,Health insurance ,Flexible hours ,A lot of free time ,Regular incentives ,C
C-01-038,3,,,,,,,,
,,C-01-038,,38. What are the speakers mainly discussing? ,An interior renovation ,A product launch ,A luncheon reservation ,A budget proposal ,A
,,C-01-039,,39. What does the man say about the dining room? ,It needs more lighting.,It is quite cold.,It is spacious. ,It is too loud. ,C
,,C-01-040,,40. What does the man suggest the woman do? ,Repaint the walls a brighter color ,Compensate guests who have reservations ,Draft a budget proposal ,Open a bank account ,B
C-01-041,3,,,,,,,,
,,C-01-041,,41. What is the man concerned about? ,Getting his camera fixed ,Receiving sick leave from work ,Preparing for a party ,Introducing a client ,C
,,C-01-042,,"42. According to the man, why does Greg like his new job? ",It offers better vacation time. ,It pays a higher salary. ,It matches his abilities. ,It provides health benefits. ,C
,,C-01-043,,43. What most likely will the woman do next? ,Take a group photo ,Attend a Christmas party ,Contact Greg ,Send an e-mail attachment ,D
C-01-044,3,,,,,,,,
,,C-01-044,,44. What is the man concerned about? ,Finishing a project on time ,Paying for his new mobile phone ,Repairing a piece of equipment ,Learning a new skill ,D
,,C-01-045,,45. Where do the speakers work? ,At a repair shop ,At an electronics store ,At a marketing firm ,At a design company ,D
,,C-01-046,,46. What does the woman offer to do? ,Provide assistance ,Pay in cash ,Fill in for the man ,E-mail a user manual ,A
C-01-047,3,,,,,,,,
,,C-01-047,,47. Who most likely is the man? ,A shop owner ,A construction worker ,A local resident ,A market researcher ,D
,,C-01-048,,48. What does the woman mention about the mall? ,It was recently renovated. ,It has sufficient parking space. ,It is attracting many tourists. ,It is located outside of town. ,B
,,C-01-049,,49. Why does the woman usually visit the mall? ,To purchase groceries ,To meet with her clients ,To buy clothing ,To deliver products ,C
C-01-050,3,,,,,,,,
,,C-01-050,,50. What are the speakers discussing? ,Orders for office supplies ,Equipment for a conference ,The budget reports ,Their colleague ,A
,,C-01-051,,51. Why does the man mention when the supply company closes? ,To inform her of the business hours ,To let her know she can't order anything ,To explain that the second order would be late ,To imply that new equipment can't be ordered ,C
,,C-01-052,,52. What does the woman offer to do? ,Pay for the new order ,Order the supplies herself ,Cancel a meeting ,Speak to their colleague ,D
C-01-053,3,,,,,,,,
,,C-01-053,,53. What is the problem? ,The plane tickets were not booked. ,A meeting had to be rescheduled. ,The meeting was a success. ,A deadline has been changed. ,B
,,C-01-054,,54. Which part of the business trip will be postponed? ,The meeting in New York ,The meeting in Wisconsin ,The meeting in Washington ,The meeting in Westboro ,C
,,C-01-055,,"55. What does the man mean when he says ""That's not a bad idea""? ",He thinks it is a bad idea. ,He agrees with the proposed solution. ,He wants to hear other ideas. ,He disagrees with the solution. ,B
C-01-056,3,,,,,,,,
,,C-01-056,,56. What was the woman doing in Australia? ,Going on a business trip ,Studying abroad ,Taking a vacation ,Searching for employees ,C
,,C-01-057,,"57. What does the woman imply when she says ""Is this Robert Wilder's application?"" ",She is surprised to see the application. ,She will reject the application.,She doesn't understand something. ,She agrees with the application. ,A
,,C-01-058,,58. How does the woman know Robert Wilder? ,They went to college together. ,They work in the same department. ,They play baseball together. ,They play tennis together. ,D
C-01-059,3,,,,,,,,
,,C-01-059,,59. What is the woman concerned about? ,Getting extra vacation ,Doing too much work ,Not having time for her children ,Preparing a report ,C
,,C-01-060,,60. What does the man suggest? ,Fire the manager ,Wait until their vacation ,Hire a babysitter ,Have some extra vacation days ,D
,,C-01-061,,61. What does the woman say she will have to do? ,Hire a babysitter ,Go to another company ,Ask her husband ,Finish her sales reports ,A
C-01-062,3,,C-01-062,,,,,,
,,C-01-062,,62. What does the woman have on Friday? ,A dinner meeting ,A seminar ,A meeting ,A work party ,C
,,C-01-063,,63. Look at the graphic. How much does the woman pay for the furniture? ,$165 ,$195 ,$307 ,$614 ,D
,,C-01-064,,64. What does the man say he will do? ,Arrange free delivery ,Deliver the furniture in the evening ,Send a confirmation ,Deliver the table himself ,A
C-01-065,3,,C-01-065,,,,,,
,,C-01-065,,65. Why does the woman call? ,To get an upgrade ,To book a flight to Korea and Japan ,To cancel her flight to Singapore ,To sign up for a mileage card ,A
,,C-01-066,,66. Look at the graphic. How many points will the woman use? ,"50,000","60,000","70,000","80,000",B
,,C-01-067,,67. What suggestion does the man give the woman? ,Upgrade her Korean flight ,Make the request after her trip ,Book a different flight ,Cancel her reservation ,B
C-01-068,3,,C-01-068,,,,,,
,,C-01-068,,68. What are the speakers discussing? ,Their GPS systems ,Which coffee shop to visit ,How far Cambridge is from their apartments ,The fastest route to work ,D
,,C-01-069,,69. What does the woman want to do? ,Keep losing the game ,Make more money than he does ,Get to work faster than he does ,Participate in a car race ,C
,,C-01-070,,70. Look at the list. Which shop does the man most likely stop at? ,Coffee Bean ,Tea Shop ,Java the Cup ,Jake's Diner ,C
